Product_Category,Issue_Type,Agent_Name,Handling_Time,Customer_City,Product_Price,Agent_Shift,CSAT_Score
Beauty,Payment Issue,Agent_D,35,Jaipur,9140,Morning,3.9
Sports,Payment Issue,Agent_C,45,Surat,2132,Evening,3.0
Home,Payment Issue,Agent_B,55,Ahmedabad,1352,Night,2.4
Sports,Payment Issue,Agent_A,9,Ahmedabad,5609,Evening,5.0
Sports,Return Request,Agent_E,53,Bangalore,5174,Evening,2.5
Clothing,Return Request,Agent_E,38,Surat,1981,Night,3.5
Home,Damaged Product,Agent_A,58,Surat,369,Evening,1.3
Home,Delivery Delay,Agent_A,30,Surat,1730,Morning,3.5
Home,Payment Issue,Agent_B,44,Bangalore,4505,Morning,3.1
Sports,Damaged Product,Agent_C,34,Ahmedabad,6239,Morning,4.1
Beauty,Delivery Delay,Agent_E,32,Surat,1674,Morning,3.6
Home,Wrong Item,Agent_B,3,Delhi,1795,Evening,4.6
Sports,Return Request,Agent_C,3,Jaipur,3358,Evening,4.7
Clothing,Delivery Delay,Agent_B,28,Jaipur,3362,Night,4.0
Beauty,Wrong Item,Agent_E,44,Mumbai,1545,Evening,2.9
Clothing,Delivery Delay,Agent_A,15,Mumbai,6363,Evening,4.7
Beauty,Return Request,Agent_A,41,Bangalore,8511,Evening,3.7
Sports,Return Request,Agent_C,23,Bangalore,152,Night,4.1
Electronics,Damaged Product,Agent_D,40,Jaipur,5670,Morning,3.4
Beauty,Payment Issue,Agent_C,11,Delhi,7679,Evening,5.0
Clothing,Delivery Delay,Agent_D,48,Ahmedabad,1766,Night,3.4
Sports,Delivery Delay,Agent_B,32,Ahmedabad,7001,Night,3.7
Beauty,Wrong Item,Agent_B,58,Bangalore,2885,Night,1.8
Electronics,Return Request,Agent_E,59,Delhi,819,Morning,2.4
Electronics,Delivery Delay,Agent_D,57,Bangalore,8697,Evening,2.8
Home,Return Request,Agent_E,54,Ahmedabad,6955,Night,2.9
Home,Delivery Delay,Agent_A,36,Bangalore,2394,Morning,3.2
Clothing,Damaged Product,Agent_D,33,Surat,8363,Night,4.1
Beauty,Payment Issue,Agent_C,24,Bangalore,9521,Night,5.0
Beauty,Delivery Delay,Agent_A,39,Jaipur,9859,Night,4.3
Home,Return Request,Agent_A,34,Bangalore,4582,Night,4.0
Beauty,Damaged Product,Agent_C,56,Jaipur,798,Night,1.9
Beauty,Delivery Delay,Agent_A,28,Delhi,7343,Morning,4.0
Electronics,Wrong Item,Agent_D,37,Ahmedabad,9118,Evening,3.2
Home,Payment Issue,Agent_E,7,Mumbai,6018,Evening,4.8
Sports,Delivery Delay,Agent_A,4,Mumbai,448,Evening,5.0
Home,Damaged Product,Agent_D,37,Ahmedabad,5474,Evening,3.9
Sports,Wrong Item,Agent_B,56,Mumbai,7969,Morning,2.9
Electronics,Damaged Product,Agent_D,1,Bangalore,407,Morning,5.0
Clothing,Damaged Product,Agent_E,1,Delhi,3516,Morning,4.8
Beauty,Wrong Item,Agent_D,47,Delhi,4920,Night,3.2
Electronics,Damaged Product,Agent_C,20,Ahmedabad,3658,Night,4.6
Beauty,Wrong Item,Agent_E,19,Mumbai,4578,Night,4.0
Clothing,Delivery Delay,Agent_B,29,Bangalore,6631,Evening,4.3
Clothing,Wrong Item,Agent_C,10,Delhi,4720,Night,5.0
Electronics,Wrong Item,Agent_D,18,Delhi,3085,Evening,4.3
Clothing,Payment Issue,Agent_E,28,Surat,8212,Night,4.6
Sports,Wrong Item,Agent_B,35,Surat,8567,Evening,5.0
Clothing,Wrong Item,Agent_C,43,Delhi,2647,Night,3.1
Beauty,Delivery Delay,Agent_B,47,Ahmedabad,436,Night,2.8
Beauty,Payment Issue,Agent_D,31,Jaipur,3079,Morning,3.5
Beauty,Return Request,Agent_B,27,Jaipur,4068,Night,4.1
Beauty,Delivery Delay,Agent_A,11,Bangalore,1010,Night,4.7
Sports,Delivery Delay,Agent_C,49,Delhi,2096,Morning,2.8
Home,Return Request,Agent_B,49,Delhi,3229,Evening,2.6
Electronics,Wrong Item,Agent_D,38,Delhi,5547,Morning,3.7
Beauty,Damaged Product,Agent_D,5,Ahmedabad,6229,Morning,5.0
Clothing,Payment Issue,Agent_B,8,Surat,5950,Evening,5.0
Beauty,Damaged Product,Agent_D,34,Delhi,4304,Night,4.0
Clothing,Return Request,Agent_E,48,Delhi,7546,Evening,3.3
Clothing,Delivery Delay,Agent_E,52,Mumbai,8619,Night,3.5
Beauty,Delivery Delay,Agent_E,56,Ahmedabad,414,Night,2.3
Sports,Payment Issue,Agent_A,12,Bangalore,1234,Evening,4.2
Clothing,Delivery Delay,Agent_B,38,Delhi,4976,Morning,3.7
Clothing,Delivery Delay,Agent_A,1,Mumbai,8202,Evening,4.7
Beauty,Payment Issue,Agent_D,31,Jaipur,9812,Night,4.2
Clothing,Payment Issue,Agent_A,4,Bangalore,8447,Evening,5.0
Clothing,Return Request,Agent_D,49,Delhi,5692,Evening,3.2
Beauty,Delivery Delay,Agent_D,45,Delhi,1824,Night,2.6
Beauty,Delivery Delay,Agent_C,50,Mumbai,3443,Morning,3.2
Electronics,Return Request,Agent_E,5,Ahmedabad,986,Evening,5.0
Sports,Wrong Item,Agent_D,30,Delhi,821,Night,3.4
Sports,Wrong Item,Agent_C,56,Jaipur,7778,Night,2.5
Clothing,Wrong Item,Agent_E,24,Delhi,9204,Evening,4.7
Sports,Return Request,Agent_D,59,Jaipur,3457,Morning,2.3
Clothing,Delivery Delay,Agent_D,3,Bangalore,970,Evening,5.0
Electronics,Return Request,Agent_A,11,Bangalore,6851,Morning,4.9
Beauty,Return Request,Agent_A,45,Surat,597,Morning,2.2
Beauty,Wrong Item,Agent_E,4,Surat,1856,Morning,4.9
Beauty,Damaged Product,Agent_D,26,Jaipur,1217,Morning,3.7
Sports,Delivery Delay,Agent_B,27,Ahmedabad,2928,Evening,4.1
Electronics,Wrong Item,Agent_A,46,Delhi,1747,Night,2.7
Sports,Damaged Product,Agent_E,54,Delhi,7092,Night,3.5
Sports,Damaged Product,Agent_D,43,Surat,6871,Night,3.0
Electronics,Payment Issue,Agent_D,27,Jaipur,242,Night,4.1
Electronics,Delivery Delay,Agent_B,42,Delhi,2861,Night,3.1
Electronics,Damaged Product,Agent_E,51,Delhi,3535,Night,3.1
Electronics,Wrong Item,Agent_D,50,Ahmedabad,6722,Evening,3.2
Beauty,Payment Issue,Agent_A,6,Mumbai,7169,Morning,5.0
Home,Delivery Delay,Agent_B,59,Surat,4612,Night,2.4
Home,Return Request,Agent_E,15,Surat,1948,Evening,4.1
Electronics,Wrong Item,Agent_B,53,Mumbai,2796,Night,3.1
Home,Damaged Product,Agent_A,30,Delhi,1817,Night,3.6
Home,Damaged Product,Agent_E,42,Ahmedabad,3172,Morning,3.3
Electronics,Wrong Item,Agent_B,37,Ahmedabad,9359,Morning,4.5
Home,Damaged Product,Agent_C,58,Surat,2886,Morning,2.1
Sports,Payment Issue,Agent_A,37,Ahmedabad,3891,Night,3.7
Clothing,Delivery Delay,Agent_A,42,Bangalore,9580,Night,3.7
Clothing,Payment Issue,Agent_A,37,Mumbai,3971,Night,3.5
Electronics,Damaged Product,Agent_C,35,Delhi,1906,Morning,3.5
Beauty,Return Request,Agent_C,23,Bangalore,1604,Evening,3.6
Electronics,Delivery Delay,Agent_D,6,Mumbai,3408,Night,4.8
Beauty,Delivery Delay,Agent_B,4,Jaipur,7217,Night,5.0
Clothing,Wrong Item,Agent_D,18,Surat,5148,Night,4.9
Electronics,Wrong Item,Agent_B,9,Ahmedabad,8363,Evening,5.0
Sports,Return Request,Agent_C,49,Jaipur,1790,Night,2.8
Home,Delivery Delay,Agent_C,29,Ahmedabad,9636,Evening,4.4
Beauty,Return Request,Agent_D,13,Bangalore,3403,Night,5.0
Home,Wrong Item,Agent_E,59,Delhi,3213,Evening,2.3
Home,Wrong Item,Agent_D,47,Delhi,9174,Night,3.6
Electronics,Delivery Delay,Agent_B,52,Delhi,7950,Morning,3.5
Home,Payment Issue,Agent_D,17,Ahmedabad,6516,Morning,4.6
Sports,Damaged Product,Agent_A,45,Jaipur,1604,Morning,3.4
Home,Wrong Item,Agent_B,32,Delhi,9024,Morning,3.8
Electronics,Wrong Item,Agent_B,48,Jaipur,4024,Night,3.5
Sports,Payment Issue,Agent_E,22,Ahmedabad,8715,Morning,4.7
Clothing,Payment Issue,Agent_C,4,Bangalore,9883,Evening,4.9
Home,Return Request,Agent_B,5,Jaipur,4585,Morning,4.4
Electronics,Return Request,Agent_C,37,Bangalore,8200,Morning,3.8
Clothing,Damaged Product,Agent_D,41,Ahmedabad,8784,Morning,3.5
Clothing,Damaged Product,Agent_A,49,Ahmedabad,291,Night,2.4
Beauty,Delivery Delay,Agent_E,13,Surat,8790,Morning,5.0
Sports,Return Request,Agent_C,34,Ahmedabad,5017,Evening,4.1
Home,Wrong Item,Agent_B,45,Ahmedabad,5931,Morning,3.4
Electronics,Return Request,Agent_C,22,Mumbai,9548,Morning,4.9
Beauty,Wrong Item,Agent_B,53,Delhi,4422,Morning,2.5
Sports,Payment Issue,Agent_C,59,Surat,7099,Evening,2.5
Beauty,Return Request,Agent_B,23,Surat,9108,Morning,5.0
Sports,Payment Issue,Agent_D,51,Surat,7382,Evening,3.0
Sports,Damaged Product,Agent_B,3,Mumbai,9765,Evening,5.0
Home,Damaged Product,Agent_B,42,Bangalore,9378,Morning,3.8
Sports,Delivery Delay,Agent_A,34,Ahmedabad,1974,Evening,3.5
Beauty,Return Request,Agent_B,32,Delhi,9162,Night,4.6
Sports,Payment Issue,Agent_A,45,Jaipur,4863,Morning,3.6
Home,Wrong Item,Agent_E,51,Bangalore,8564,Morning,3.3
Home,Damaged Product,Agent_A,58,Ahmedabad,9321,Evening,2.9
Beauty,Damaged Product,Agent_D,49,Mumbai,1151,Evening,2.6
Clothing,Wrong Item,Agent_A,21,Ahmedabad,9865,Morning,5.0
Clothing,Payment Issue,Agent_E,46,Ahmedabad,7638,Night,3.7
Sports,Payment Issue,Agent_D,44,Mumbai,7511,Evening,3.6
Electronics,Return Request,Agent_C,21,Surat,6420,Evening,4.8
Sports,Return Request,Agent_C,44,Surat,2205,Night,3.5
Beauty,Delivery Delay,Agent_A,11,Delhi,407,Night,4.6
Beauty,Damaged Product,Agent_A,39,Delhi,7837,Morning,3.9
Beauty,Return Request,Agent_E,4,Surat,3459,Night,4.5
Beauty,Payment Issue,Agent_E,51,Bangalore,3276,Morning,2.0
Beauty,Wrong Item,Agent_B,1,Jaipur,1351,Night,5.0
Home,Payment Issue,Agent_E,28,Ahmedabad,5466,Evening,4.1
Clothing,Damaged Product,Agent_B,24,Jaipur,1617,Morning,3.8
Beauty,Payment Issue,Agent_D,35,Ahmedabad,6326,Morning,4.0
Electronics,Delivery Delay,Agent_A,13,Surat,5405,Morning,4.9
Electronics,Damaged Product,Agent_D,47,Delhi,9670,Night,4.0
Electronics,Wrong Item,Agent_E,34,Bangalore,5969,Evening,3.9
Electronics,Delivery Delay,Agent_D,11,Delhi,8139,Morning,4.8
Home,Damaged Product,Agent_D,36,Jaipur,4991,Morning,4.0
Electronics,Wrong Item,Agent_D,51,Delhi,5092,Morning,2.9
Beauty,Delivery Delay,Agent_E,17,Surat,2061,Morning,4.5
Sports,Delivery Delay,Agent_D,35,Bangalore,2963,Evening,3.4
Electronics,Damaged Product,Agent_B,18,Jaipur,6703,Night,4.6
Home,Return Request,Agent_E,40,Bangalore,4667,Evening,3.5
Home,Delivery Delay,Agent_D,22,Ahmedabad,6613,Morning,4.6
Electronics,Delivery Delay,Agent_E,57,Delhi,4105,Evening,2.7
Sports,Wrong Item,Agent_C,24,Bangalore,9214,Morning,4.6
Electronics,Payment Issue,Agent_B,58,Mumbai,283,Night,1.6
Home,Damaged Product,Agent_D,19,Delhi,7855,Night,4.7
Clothing,Damaged Product,Agent_C,37,Ahmedabad,3458,Night,3.7
Beauty,Return Request,Agent_C,39,Bangalore,6715,Morning,3.6
Home,Return Request,Agent_E,21,Jaipur,9690,Evening,4.8
Electronics,Damaged Product,Agent_C,8,Ahmedabad,6897,Night,5.0
Beauty,Return Request,Agent_B,28,Mumbai,8828,Morning,4.3
Electronics,Wrong Item,Agent_B,5,Bangalore,7778,Morning,4.5
Electronics,Damaged Product,Agent_A,17,Surat,5798,Evening,4.7
Clothing,Return Request,Agent_B,37,Delhi,1373,Night,3.1
Beauty,Damaged Product,Agent_C,36,Jaipur,6753,Morning,3.6
Beauty,Payment Issue,Agent_B,54,Surat,1196,Evening,2.4
Clothing,Delivery Delay,Agent_E,19,Bangalore,9597,Night,5.0
Home,Damaged Product,Agent_A,27,Bangalore,9207,Evening,4.6
Electronics,Delivery Delay,Agent_C,53,Ahmedabad,8102,Evening,3.3
Sports,Return Request,Agent_A,34,Bangalore,4347,Morning,4.3
Electronics,Delivery Delay,Agent_C,11,Jaipur,9320,Morning,4.9
Electronics,Damaged Product,Agent_E,54,Surat,5414,Morning,2.9
Home,Payment Issue,Agent_A,45,Jaipur,3454,Evening,2.9
Electronics,Return Request,Agent_D,47,Mumbai,370,Morning,2.4
Clothing,Damaged Product,Agent_C,12,Mumbai,1286,Evening,4.4
Clothing,Return Request,Agent_D,54,Delhi,6405,Evening,2.8
Beauty,Wrong Item,Agent_A,21,Delhi,2498,Morning,4.3
Sports,Delivery Delay,Agent_D,54,Mumbai,7095,Night,3.7
Electronics,Wrong Item,Agent_D,11,Bangalore,7399,Night,4.8
Electronics,Damaged Product,Agent_A,39,Jaipur,4282,Night,3.4
Home,Payment Issue,Agent_E,28,Mumbai,2330,Evening,3.8
Clothing,Return Request,Agent_D,5,Delhi,6611,Evening,5.0
Sports,Delivery Delay,Agent_D,17,Mumbai,228,Evening,4.3
Beauty,Return Request,Agent_E,56,Bangalore,9561,Morning,3.5
Clothing,Damaged Product,Agent_D,20,Mumbai,3772,Evening,3.6
Beauty,Return Request,Agent_D,41,Jaipur,9893,Morning,3.2
Home,Delivery Delay,Agent_D,46,Surat,4865,Morning,3.0
Home,Damaged Product,Agent_B,58,Bangalore,4070,Night,2.8
Electronics,Return Request,Agent_E,12,Delhi,7645,Night,4.5
Sports,Payment Issue,Agent_D,6,Jaipur,5652,Night,4.1
Beauty,Damaged Product,Agent_E,17,Mumbai,727,Morning,4.4
Clothing,Damaged Product,Agent_C,51,Mumbai,6689,Morning,3.2
Home,Payment Issue,Agent_C,19,Surat,2144,Morning,3.9
Electronics,Wrong Item,Agent_D,26,Delhi,2441,Evening,3.6
Electronics,Delivery Delay,Agent_E,48,Delhi,5984,Morning,2.9
Beauty,Wrong Item,Agent_E,44,Ahmedabad,8285,Night,3.7
Home,Return Request,Agent_E,44,Delhi,349,Night,2.6
Sports,Payment Issue,Agent_B,52,Surat,3025,Morning,2.9
Home,Wrong Item,Agent_C,32,Ahmedabad,5143,Morning,3.1
Beauty,Damaged Product,Agent_E,6,Ahmedabad,1074,Night,4.6
Beauty,Return Request,Agent_E,55,Mumbai,9617,Morning,2.9
Home,Return Request,Agent_B,58,Mumbai,7292,Night,2.8
Beauty,Wrong Item,Agent_B,36,Delhi,9275,Evening,4.0
Home,Wrong Item,Agent_E,38,Ahmedabad,9180,Night,4.3
Clothing,Payment Issue,Agent_A,11,Mumbai,2772,Evening,4.2
Home,Delivery Delay,Agent_E,33,Surat,7379,Morning,4.1
Home,Wrong Item,Agent_E,24,Mumbai,7631,Morning,4.7
Beauty,Wrong Item,Agent_B,23,Bangalore,9618,Evening,5.0
Beauty,Damaged Product,Agent_B,15,Bangalore,8762,Morning,4.9
Electronics,Return Request,Agent_E,27,Mumbai,2087,Evening,4.0
Electronics,Delivery Delay,Agent_E,11,Ahmedabad,190,Morning,3.9
Clothing,Damaged Product,Agent_E,57,Ahmedabad,8821,Night,2.3
Electronics,Payment Issue,Agent_B,51,Jaipur,4159,Morning,3.1
Home,Payment Issue,Agent_E,50,Bangalore,2873,Night,2.8
Beauty,Wrong Item,Agent_E,17,Surat,9978,Night,5.0
Electronics,Wrong Item,Agent_D,51,Ahmedabad,8483,Evening,2.9
Electronics,Payment Issue,Agent_A,53,Delhi,7509,Morning,3.3
Clothing,Wrong Item,Agent_C,14,Bangalore,4540,Evening,5.0
Clothing,Delivery Delay,Agent_A,27,Surat,7447,Morning,4.5
Home,Wrong Item,Agent_D,18,Surat,1108,Night,4.3
Beauty,Return Request,Agent_C,28,Ahmedabad,3883,Night,4.0
Clothing,Wrong Item,Agent_E,51,Surat,6746,Morning,2.7
Electronics,Damaged Product,Agent_D,47,Ahmedabad,4398,Morning,3.5
Beauty,Delivery Delay,Agent_E,47,Mumbai,4768,Evening,2.9
Beauty,Damaged Product,Agent_B,4,Bangalore,4387,Morning,5.0
Electronics,Damaged Product,Agent_D,7,Jaipur,2152,Morning,4.4
Clothing,Return Request,Agent_B,45,Mumbai,6109,Morning,3.0
Electronics,Delivery Delay,Agent_D,35,Bangalore,1816,Evening,3.9
Beauty,Delivery Delay,Agent_D,48,Ahmedabad,410,Morning,2.5
Sports,Delivery Delay,Agent_B,9,Bangalore,4638,Night,5.0
Sports,Delivery Delay,Agent_C,8,Ahmedabad,1360,Evening,4.7
Home,Delivery Delay,Agent_A,52,Mumbai,4032,Evening,2.3
Electronics,Return Request,Agent_E,45,Delhi,684,Night,3.1
Electronics,Wrong Item,Agent_D,17,Delhi,7716,Night,4.7
Home,Damaged Product,Agent_E,17,Bangalore,8651,Night,5.0
Home,Delivery Delay,Agent_B,49,Delhi,2966,Morning,2.9
Home,Wrong Item,Agent_E,33,Ahmedabad,5998,Night,3.5
Beauty,Wrong Item,Agent_B,32,Surat,2111,Morning,3.7
Electronics,Damaged Product,Agent_E,8,Ahmedabad,6351,Evening,5.0
Beauty,Return Request,Agent_A,19,Surat,5039,Evening,4.7
Home,Payment Issue,Agent_A,38,Mumbai,4106,Night,3.5
Electronics,Payment Issue,Agent_A,3,Jaipur,1725,Morning,5.0
Beauty,Wrong Item,Agent_A,59,Surat,990,Night,2.2
Beauty,Damaged Product,Agent_A,5,Delhi,6178,Night,5.0
Home,Payment Issue,Agent_A,13,Ahmedabad,7136,Morning,4.7
Electronics,Wrong Item,Agent_B,47,Mumbai,9023,Night,3.6
Home,Return Request,Agent_D,46,Delhi,4061,Evening,3.4
Electronics,Payment Issue,Agent_E,31,Mumbai,2604,Night,3.5
Sports,Wrong Item,Agent_A,55,Jaipur,8906,Morning,3.6
Clothing,Wrong Item,Agent_B,16,Ahmedabad,3906,Morning,4.6
Clothing,Delivery Delay,Agent_B,50,Bangalore,6200,Evening,2.9
Clothing,Return Request,Agent_B,32,Ahmedabad,1819,Morning,3.9
Home,Delivery Delay,Agent_D,22,Jaipur,6786,Morning,4.5
Sports,Damaged Product,Agent_E,29,Ahmedabad,1687,Evening,3.9
Electronics,Delivery Delay,Agent_D,22,Bangalore,7100,Night,4.5
Beauty,Delivery Delay,Agent_C,43,Surat,9903,Evening,3.8
Electronics,Payment Issue,Agent_B,3,Mumbai,996,Night,5.0
Beauty,Wrong Item,Agent_C,54,Bangalore,5658,Evening,3.0
Electronics,Return Request,Agent_A,10,Delhi,8569,Night,4.4
Sports,Delivery Delay,Agent_A,42,Jaipur,4747,Evening,3.0
Beauty,Return Request,Agent_D,21,Surat,9928,Night,5.0
Home,Delivery Delay,Agent_E,16,Delhi,2532,Evening,4.4
Electronics,Damaged Product,Agent_C,12,Delhi,4004,Night,4.6
Electronics,Delivery Delay,Agent_E,2,Jaipur,6937,Evening,4.6
Beauty,Payment Issue,Agent_D,41,Surat,1549,Morning,2.8
Home,Wrong Item,Agent_A,24,Delhi,4600,Night,3.7
Home,Damaged Product,Agent_E,35,Delhi,5554,Evening,3.8
Sports,Delivery Delay,Agent_E,56,Surat,9524,Night,3.0
Home,Return Request,Agent_A,30,Ahmedabad,4217,Night,3.6
Home,Damaged Product,Agent_C,57,Delhi,8969,Evening,3.0
Home,Damaged Product,Agent_A,30,Mumbai,2128,Night,3.8
Clothing,Delivery Delay,Agent_E,47,Surat,6945,Evening,4.0
Sports,Damaged Product,Agent_C,35,Delhi,3858,Morning,3.2
Electronics,Return Request,Agent_C,19,Jaipur,6004,Night,5.0
Beauty,Damaged Product,Agent_A,50,Bangalore,4724,Morning,3.3
Electronics,Return Request,Agent_E,8,Mumbai,8948,Night,4.8
Sports,Delivery Delay,Agent_D,26,Bangalore,265,Night,3.8
Beauty,Wrong Item,Agent_E,49,Bangalore,4691,Night,2.9
Sports,Damaged Product,Agent_B,40,Delhi,689,Evening,3.1
Home,Wrong Item,Agent_D,7,Mumbai,4624,Morning,5.0
Beauty,Return Request,Agent_C,30,Mumbai,2921,Night,4.0
Home,Damaged Product,Agent_D,7,Ahmedabad,6609,Evening,5.0
Electronics,Payment Issue,Agent_C,3,Bangalore,7793,Night,4.9
Electronics,Wrong Item,Agent_C,1,Mumbai,9554,Evening,4.6
Beauty,Damaged Product,Agent_D,36,Ahmedabad,171,Night,3.2
Beauty,Wrong Item,Agent_C,25,Surat,3680,Morning,4.5
Sports,Damaged Product,Agent_C,37,Ahmedabad,8062,Morning,3.5
Sports,Delivery Delay,Agent_B,1,Jaipur,368,Night,4.7
Home,Wrong Item,Agent_E,15,Delhi,2562,Evening,4.5
Beauty,Payment Issue,Agent_E,37,Surat,9560,Night,3.8
Electronics,Payment Issue,Agent_B,13,Surat,1115,Evening,4.2
Sports,Return Request,Agent_D,40,Jaipur,9375,Night,3.8
Sports,Damaged Product,Agent_A,8,Ahmedabad,8084,Evening,4.6
Electronics,Wrong Item,Agent_A,5,Delhi,506,Morning,4.5
Sports,Return Request,Agent_A,9,Ahmedabad,7484,Night,5.0
Home,Wrong Item,Agent_B,1,Mumbai,6149,Morning,4.6
Beauty,Damaged Product,Agent_B,36,Ahmedabad,6269,Morning,3.3
Electronics,Payment Issue,Agent_C,35,Surat,8082,Night,3.9
Beauty,Delivery Delay,Agent_A,2,Delhi,1085,Night,5.0
Sports,Payment Issue,Agent_D,40,Ahmedabad,4585,Evening,3.4
Sports,Return Request,Agent_D,23,Delhi,9001,Evening,4.6
Electronics,Delivery Delay,Agent_A,9,Delhi,2718,Morning,4.8
Home,Return Request,Agent_A,34,Mumbai,6389,Evening,3.4
Clothing,Damaged Product,Agent_A,46,Mumbai,9703,Evening,3.8
Electronics,Delivery Delay,Agent_B,14,Surat,7028,Night,5.0
Clothing,Return Request,Agent_B,4,Jaipur,5468,Evening,4.9
Clothing,Damaged Product,Agent_B,30,Delhi,4721,Morning,4.3
Home,Payment Issue,Agent_E,31,Jaipur,9777,Evening,4.1
Clothing,Damaged Product,Agent_D,38,Surat,7666,Morning,4.2
Clothing,Wrong Item,Agent_D,11,Delhi,4770,Night,5.0
Home,Damaged Product,Agent_C,35,Delhi,7758,Morning,3.9
Clothing,Damaged Product,Agent_B,8,Bangalore,1103,Evening,4.7
Clothing,Wrong Item,Agent_E,3,Jaipur,7604,Night,5.0
Clothing,Return Request,Agent_E,14,Ahmedabad,2566,Evening,4.9
Electronics,Return Request,Agent_D,13,Mumbai,2039,Night,4.2
Electronics,Damaged Product,Agent_B,45,Ahmedabad,1735,Night,2.7
Electronics,Wrong Item,Agent_C,32,Jaipur,9990,Evening,4.7
Home,Wrong Item,Agent_B,34,Mumbai,8195,Evening,3.9
Sports,Payment Issue,Agent_A,45,Ahmedabad,6365,Night,3.7
Clothing,Return Request,Agent_B,19,Bangalore,1995,Night,4.8
Clothing,Delivery Delay,Agent_A,59,Mumbai,6624,Evening,2.6
Home,Return Request,Agent_A,38,Delhi,1173,Morning,3.4
Clothing,Return Request,Agent_C,16,Ahmedabad,5284,Evening,4.4
Electronics,Payment Issue,Agent_D,2,Mumbai,2502,Night,5.0
Sports,Delivery Delay,Agent_B,40,Bangalore,4995,Evening,3.6
Beauty,Payment Issue,Agent_A,17,Mumbai,7431,Morning,5.0
Clothing,Delivery Delay,Agent_B,55,Mumbai,9443,Evening,3.0
Electronics,Damaged Product,Agent_D,34,Bangalore,2056,Night,3.0
Beauty,Delivery Delay,Agent_D,42,Ahmedabad,7123,Evening,3.8
Sports,Payment Issue,Agent_E,16,Surat,4007,Night,4.0
Beauty,Return Request,Agent_D,38,Ahmedabad,907,Night,3.1
Electronics,Delivery Delay,Agent_C,2,Jaipur,8478,Evening,5.0
Beauty,Delivery Delay,Agent_A,2,Bangalore,4927,Night,5.0
Home,Wrong Item,Agent_E,26,Ahmedabad,4624,Night,4.7
Beauty,Return Request,Agent_C,13,Mumbai,9599,Morning,5.0
Clothing,Damaged Product,Agent_B,56,Bangalore,2384,Morning,2.2
Clothing,Payment Issue,Agent_A,47,Delhi,5413,Morning,3.2
Home,Damaged Product,Agent_D,31,Ahmedabad,857,Morning,3.5
Electronics,Return Request,Agent_A,34,Bangalore,4987,Night,3.3
Clothing,Delivery Delay,Agent_B,39,Ahmedabad,3954,Evening,3.2
Sports,Delivery Delay,Agent_E,3,Bangalore,3658,Night,4.8
Clothing,Return Request,Agent_E,8,Mumbai,9872,Night,4.4
Clothing,Delivery Delay,Agent_E,23,Delhi,1061,Night,4.0
Electronics,Delivery Delay,Agent_D,14,Delhi,3947,Evening,4.6
Beauty,Delivery Delay,Agent_C,56,Jaipur,6826,Morning,2.4
Clothing,Payment Issue,Agent_C,55,Bangalore,3675,Night,2.7
Home,Payment Issue,Agent_A,27,Ahmedabad,9167,Night,4.8
Beauty,Wrong Item,Agent_D,54,Delhi,2518,Morning,2.6
Sports,Damaged Product,Agent_E,29,Delhi,4298,Night,3.9
Electronics,Return Request,Agent_E,39,Surat,1101,Evening,3.3
Sports,Return Request,Agent_B,53,Surat,5344,Night,3.1
Beauty,Return Request,Agent_B,39,Delhi,7219,Night,3.9
Beauty,Wrong Item,Agent_E,1,Bangalore,4166,Morning,4.8
Beauty,Payment Issue,Agent_E,17,Jaipur,2945,Night,4.5
Sports,Wrong Item,Agent_D,41,Delhi,9773,Night,4.3
Beauty,Return Request,Agent_C,30,Mumbai,8949,Evening,4.2
Sports,Damaged Product,Agent_B,53,Ahmedabad,5416,Morning,3.5
Beauty,Delivery Delay,Agent_C,13,Jaipur,522,Morning,4.2
Home,Payment Issue,Agent_D,21,Mumbai,6815,Evening,4.6
Beauty,Payment Issue,Agent_E,19,Jaipur,4366,Night,4.3
Sports,Wrong Item,Agent_C,53,Mumbai,7649,Morning,3.2
Clothing,Payment Issue,Agent_E,19,Ahmedabad,6416,Morning,4.2
Beauty,Return Request,Agent_E,57,Ahmedabad,2810,Night,2.3
Clothing,Return Request,Agent_A,25,Surat,8744,Night,4.3
Home,Wrong Item,Agent_C,22,Bangalore,8169,Morning,4.8
Electronics,Return Request,Agent_C,31,Mumbai,1757,Night,3.9
Home,Damaged Product,Agent_E,17,Surat,2641,Morning,4.6
Beauty,Wrong Item,Agent_D,55,Mumbai,6863,Night,2.2
Clothing,Damaged Product,Agent_A,23,Surat,3175,Night,4.8
Clothing,Delivery Delay,Agent_E,32,Ahmedabad,3264,Evening,3.8
Sports,Damaged Product,Agent_B,10,Jaipur,2153,Night,4.5
Clothing,Delivery Delay,Agent_B,10,Surat,8579,Evening,5.0
Sports,Delivery Delay,Agent_A,36,Mumbai,5837,Night,3.8
Electronics,Damaged Product,Agent_D,8,Mumbai,3317,Morning,4.7
Beauty,Wrong Item,Agent_E,54,Bangalore,1547,Morning,2.5
Sports,Return Request,Agent_C,52,Ahmedabad,6109,Night,2.8
Electronics,Return Request,Agent_A,20,Mumbai,707,Night,3.9
Clothing,Delivery Delay,Agent_D,32,Delhi,4652,Morning,3.7
Clothing,Delivery Delay,Agent_C,50,Jaipur,1864,Night,2.3
Electronics,Wrong Item,Agent_B,14,Surat,9517,Evening,5.0
Clothing,Payment Issue,Agent_B,50,Bangalore,9527,Evening,3.6
Electronics,Damaged Product,Agent_C,28,Jaipur,9321,Evening,4.7
Sports,Delivery Delay,Agent_A,46,Ahmedabad,2771,Evening,3.2
Sports,Return Request,Agent_B,52,Bangalore,6619,Evening,3.2
Electronics,Wrong Item,Agent_E,53,Surat,4062,Night,2.6
Sports,Damaged Product,Agent_C,24,Surat,3277,Night,4.4
Sports,Wrong Item,Agent_C,15,Delhi,3822,Evening,4.2
Sports,Damaged Product,Agent_B,22,Ahmedabad,5006,Night,4.1
Home,Damaged Product,Agent_A,30,Bangalore,7363,Night,3.9
Beauty,Delivery Delay,Agent_E,4,Bangalore,5154,Evening,5.0
Clothing,Wrong Item,Agent_A,13,Mumbai,9767,Night,5.0
Home,Wrong Item,Agent_D,59,Delhi,908,Night,2.3
Sports,Return Request,Agent_D,23,Delhi,9270,Night,5.0
Electronics,Return Request,Agent_B,8,Bangalore,825,Evening,4.4
Sports,Delivery Delay,Agent_B,18,Bangalore,7801,Night,5.0
Beauty,Delivery Delay,Agent_B,12,Jaipur,1316,Morning,4.5
Sports,Payment Issue,Agent_D,55,Jaipur,4151,Morning,2.9
Electronics,Return Request,Agent_A,31,Jaipur,2297,Evening,3.6
Beauty,Damaged Product,Agent_A,14,Delhi,2906,Morning,4.5
Sports,Wrong Item,Agent_B,34,Mumbai,9070,Evening,4.4
Beauty,Delivery Delay,Agent_E,18,Surat,1072,Morning,4.5
Clothing,Wrong Item,Agent_A,56,Jaipur,5734,Morning,2.6
Clothing,Wrong Item,Agent_D,34,Mumbai,7583,Morning,4.0
Sports,Payment Issue,Agent_C,11,Ahmedabad,2223,Evening,4.4
Beauty,Return Request,Agent_C,41,Jaipur,8890,Evening,3.1
Electronics,Delivery Delay,Agent_C,12,Surat,324,Night,4.5
Sports,Wrong Item,Agent_E,49,Ahmedabad,9132,Evening,3.6
Clothing,Delivery Delay,Agent_B,15,Ahmedabad,1914,Morning,4.5
Clothing,Damaged Product,Agent_D,57,Surat,1206,Morning,1.7
Sports,Payment Issue,Agent_E,31,Jaipur,224,Evening,3.4
Beauty,Damaged Product,Agent_D,49,Delhi,3346,Evening,2.2
Clothing,Delivery Delay,Agent_D,58,Surat,3031,Evening,2.8
Beauty,Delivery Delay,Agent_B,29,Surat,3071,Night,3.5
Clothing,Return Request,Agent_C,26,Surat,2117,Morning,4.3
Clothing,Wrong Item,Agent_B,18,Ahmedabad,7515,Night,5.0
Home,Wrong Item,Agent_E,32,Mumbai,2515,Night,3.4
Clothing,Damaged Product,Agent_E,22,Delhi,3196,Morning,3.9
Electronics,Payment Issue,Agent_E,38,Jaipur,1709,Morning,3.4
Sports,Wrong Item,Agent_B,17,Jaipur,817,Evening,4.0
Sports,Return Request,Agent_D,23,Mumbai,3661,Evening,4.2
Beauty,Damaged Product,Agent_D,24,Surat,9308,Night,4.6
Clothing,Damaged Product,Agent_A,50,Delhi,6882,Evening,2.7
Electronics,Return Request,Agent_E,8,Jaipur,1148,Evening,4.0
Beauty,Payment Issue,Agent_D,41,Bangalore,9649,Morning,4.0
Home,Return Request,Agent_A,6,Jaipur,8407,Morning,4.8
Beauty,Payment Issue,Agent_D,5,Surat,8005,Evening,4.8
Beauty,Return Request,Agent_E,44,Bangalore,5678,Morning,3.6
Clothing,Return Request,Agent_C,57,Mumbai,1720,Evening,2.7
Home,Delivery Delay,Agent_E,29,Delhi,6648,Morning,4.1
Beauty,Damaged Product,Agent_B,28,Mumbai,7481,Morning,4.2
Electronics,Return Request,Agent_D,11,Mumbai,4880,Morning,5.0
Electronics,Return Request,Agent_D,57,Delhi,3892,Morning,2.1
Sports,Wrong Item,Agent_B,1,Delhi,3041,Evening,5.0
Home,Damaged Product,Agent_B,43,Jaipur,5795,Night,3.6
Home,Wrong Item,Agent_C,19,Jaipur,6501,Morning,4.9
Sports,Damaged Product,Agent_D,9,Delhi,9269,Evening,4.4
Beauty,Wrong Item,Agent_D,27,Bangalore,6297,Evening,4.1
Home,Return Request,Agent_C,34,Ahmedabad,5550,Morning,3.6
Electronics,Return Request,Agent_A,44,Jaipur,9075,Night,3.7
Electronics,Delivery Delay,Agent_C,4,Ahmedabad,8532,Morning,5.0
Clothing,Wrong Item,Agent_E,36,Bangalore,5974,Evening,4.2
Home,Payment Issue,Agent_D,18,Delhi,1653,Night,4.1
Beauty,Delivery Delay,Agent_B,15,Bangalore,1112,Evening,4.2
Sports,Wrong Item,Agent_E,51,Jaipur,8478,Morning,3.6
Sports,Wrong Item,Agent_D,13,Mumbai,1981,Night,4.6
Beauty,Delivery Delay,Agent_C,19,Delhi,6899,Evening,5.0
Clothing,Return Request,Agent_E,49,Surat,4686,Evening,3.1
Sports,Wrong Item,Agent_D,6,Ahmedabad,8722,Evening,4.7
Home,Return Request,Agent_A,48,Bangalore,8530,Morning,3.1
Clothing,Delivery Delay,Agent_A,56,Delhi,6547,Night,2.4
Home,Return Request,Agent_B,12,Bangalore,2445,Morning,4.8
Electronics,Damaged Product,Agent_D,51,Delhi,175,Morning,2.8
Clothing,Payment Issue,Agent_A,37,Jaipur,9648,Morning,4.7
Sports,Wrong Item,Agent_C,17,Jaipur,5977,Night,5.0
Clothing,Payment Issue,Agent_D,58,Jaipur,6885,Morning,3.1
Clothing,Return Request,Agent_C,23,Bangalore,5022,Morning,4.2
Clothing,Wrong Item,Agent_C,26,Surat,8190,Morning,4.2
Clothing,Return Request,Agent_A,29,Jaipur,2430,Morning,4.0
Home,Damaged Product,Agent_D,33,Delhi,4786,Evening,4.0
Electronics,Delivery Delay,Agent_E,27,Jaipur,2002,Morning,3.9
Beauty,Wrong Item,Agent_A,25,Mumbai,4770,Evening,4.3
Clothing,Damaged Product,Agent_A,56,Jaipur,7243,Morning,3.0
Sports,Damaged Product,Agent_D,55,Bangalore,2159,Night,2.9
Clothing,Wrong Item,Agent_D,10,Surat,240,Evening,4.9
Sports,Return Request,Agent_C,47,Mumbai,1889,Evening,3.0
Home,Damaged Product,Agent_D,23,Bangalore,116,Evening,4.1
Sports,Payment Issue,Agent_C,21,Bangalore,564,Evening,4.2
Beauty,Damaged Product,Agent_A,21,Bangalore,4571,Night,4.3
Electronics,Return Request,Agent_B,43,Delhi,1927,Morning,3.3
Sports,Return Request,Agent_E,13,Bangalore,8811,Evening,4.6
Sports,Payment Issue,Agent_A,37,Delhi,6056,Night,4.1
Electronics,Damaged Product,Agent_D,33,Bangalore,189,Evening,3.0
Beauty,Return Request,Agent_E,24,Ahmedabad,4915,Morning,4.4
Clothing,Wrong Item,Agent_B,44,Mumbai,2951,Evening,2.8
Sports,Delivery Delay,Agent_B,11,Ahmedabad,2943,Night,4.9
Electronics,Delivery Delay,Agent_C,17,Bangalore,9217,Morning,5.0
Home,Delivery Delay,Agent_E,4,Mumbai,6643,Night,4.5
Electronics,Damaged Product,Agent_C,47,Mumbai,6001,Morning,3.4
Home,Payment Issue,Agent_A,25,Surat,1069,Morning,3.7
Beauty,Return Request,Agent_E,30,Ahmedabad,1194,Morning,3.9
Clothing,Wrong Item,Agent_A,9,Surat,6224,Evening,5.0
Electronics,Wrong Item,Agent_C,21,Mumbai,7447,Night,4.8
Sports,Damaged Product,Agent_E,20,Delhi,3295,Night,4.0
Beauty,Delivery Delay,Agent_C,19,Mumbai,1504,Night,4.0
Electronics,Damaged Product,Agent_E,19,Surat,7040,Morning,4.6
Sports,Payment Issue,Agent_C,12,Ahmedabad,4390,Evening,5.0
Electronics,Payment Issue,Agent_B,37,Bangalore,4082,Morning,4.1
Home,Return Request,Agent_C,42,Bangalore,5655,Night,3.2
Electronics,Return Request,Agent_B,17,Ahmedabad,8054,Evening,5.0
Electronics,Payment Issue,Agent_C,37,Bangalore,4813,Evening,3.0
Electronics,Payment Issue,Agent_E,54,Bangalore,3192,Evening,2.3
Beauty,Payment Issue,Agent_E,48,Surat,4259,Night,2.7
Electronics,Damaged Product,Agent_E,39,Ahmedabad,6408,Evening,3.3
Sports,Payment Issue,Agent_D,28,Jaipur,7578,Evening,3.9
Home,Wrong Item,Agent_A,41,Delhi,8576,Morning,3.9
Home,Delivery Delay,Agent_E,35,Delhi,5033,Morning,3.7
Electronics,Payment Issue,Agent_B,47,Bangalore,5026,Evening,3.3
Beauty,Delivery Delay,Agent_E,48,Delhi,9479,Evening,3.8
Beauty,Damaged Product,Agent_D,18,Ahmedabad,4069,Morning,4.6
Sports,Delivery Delay,Agent_B,14,Ahmedabad,3065,Morning,4.8
Electronics,Damaged Product,Agent_D,35,Mumbai,4419,Morning,3.7
Home,Wrong Item,Agent_B,44,Mumbai,9075,Night,3.4
Beauty,Damaged Product,Agent_C,41,Delhi,7208,Night,4.0
Electronics,Damaged Product,Agent_A,7,Jaipur,9241,Morning,4.8
Beauty,Return Request,Agent_A,41,Mumbai,4039,Evening,3.1
Beauty,Payment Issue,Agent_D,13,Mumbai,144,Morning,4.3
Home,Payment Issue,Agent_A,18,Ahmedabad,1910,Night,4.0
Clothing,Wrong Item,Agent_D,37,Jaipur,4666,Evening,3.5
Sports,Wrong Item,Agent_D,13,Bangalore,9121,Night,5.0
Sports,Payment Issue,Agent_D,36,Delhi,2009,Evening,3.5
Home,Return Request,Agent_A,31,Mumbai,6464,Night,3.8
Beauty,Payment Issue,Agent_D,2,Jaipur,2681,Evening,4.9
Electronics,Return Request,Agent_A,16,Jaipur,791,Evening,4.6
Beauty,Wrong Item,Agent_D,9,Delhi,1031,Evening,4.8
Home,Delivery Delay,Agent_E,9,Jaipur,8010,Evening,5.0
Sports,Wrong Item,Agent_D,38,Jaipur,6482,Night,4.1
Beauty,Wrong Item,Agent_B,11,Jaipur,3506,Night,5.0
Sports,Damaged Product,Agent_D,54,Mumbai,8439,Evening,2.7
Electronics,Damaged Product,Agent_C,56,Delhi,1132,Evening,2.5
Sports,Damaged Product,Agent_D,22,Jaipur,1411,Night,4.0
Sports,Damaged Product,Agent_B,33,Jaipur,8679,Evening,4.1
Clothing,Return Request,Agent_B,36,Mumbai,3221,Evening,3.6
Clothing,Payment Issue,Agent_A,45,Delhi,1973,Evening,3.2
Clothing,Delivery Delay,Agent_E,23,Ahmedabad,9207,Morning,4.9
Sports,Wrong Item,Agent_D,45,Mumbai,6881,Evening,3.2
Home,Return Request,Agent_A,45,Delhi,3848,Morning,3.4
Sports,Delivery Delay,Agent_E,34,Jaipur,377,Evening,3.1
Home,Return Request,Agent_D,9,Delhi,1959,Night,4.8
Home,Return Request,Agent_C,24,Delhi,6029,Morning,4.3
Clothing,Wrong Item,Agent_D,8,Bangalore,6892,Morning,4.9
Beauty,Payment Issue,Agent_B,7,Delhi,4813,Evening,5.0
Electronics,Damaged Product,Agent_B,36,Ahmedabad,4775,Evening,3.4
Clothing,Payment Issue,Agent_C,18,Delhi,1270,Morning,4.8
Clothing,Wrong Item,Agent_A,3,Ahmedabad,8781,Night,4.5
Beauty,Wrong Item,Agent_E,28,Jaipur,9474,Night,4.4
Electronics,Wrong Item,Agent_D,6,Ahmedabad,5408,Evening,5.0
Sports,Delivery Delay,Agent_B,44,Jaipur,2562,Night,3.2
Sports,Payment Issue,Agent_A,44,Jaipur,9922,Night,3.8
Clothing,Payment Issue,Agent_C,21,Ahmedabad,387,Evening,4.0
Electronics,Return Request,Agent_B,28,Mumbai,6053,Night,4.3
Clothing,Return Request,Agent_C,40,Surat,4382,Evening,3.4
Home,Return Request,Agent_D,54,Delhi,2007,Morning,2.9
Clothing,Wrong Item,Agent_E,54,Bangalore,1261,Evening,2.7
Clothing,Payment Issue,Agent_B,1,Surat,229,Morning,5.0
Sports,Wrong Item,Agent_B,36,Delhi,6437,Morning,3.6
Sports,Delivery Delay,Agent_D,21,Delhi,2463,Night,4.2
Sports,Return Request,Agent_A,43,Jaipur,8251,Night,3.6
Home,Wrong Item,Agent_E,35,Delhi,6083,Night,3.6
Sports,Wrong Item,Agent_B,13,Bangalore,243,Evening,4.5
Electronics,Delivery Delay,Agent_E,57,Delhi,8307,Night,2.8
Beauty,Damaged Product,Agent_B,49,Ahmedabad,7569,Morning,3.5
Electronics,Payment Issue,Agent_E,54,Surat,344,Night,2.0
Electronics,Damaged Product,Agent_C,54,Ahmedabad,1026,Night,2.9
Sports,Return Request,Agent_B,10,Bangalore,3278,Evening,4.6
Beauty,Wrong Item,Agent_E,53,Delhi,2276,Evening,2.6
Beauty,Delivery Delay,Agent_A,44,Bangalore,5102,Morning,3.5
Beauty,Delivery Delay,Agent_C,47,Jaipur,986,Evening,2.6
Home,Payment Issue,Agent_C,53,Ahmedabad,8632,Night,3.5
Sports,Damaged Product,Agent_A,10,Ahmedabad,3498,Evening,4.5
Beauty,Payment Issue,Agent_E,46,Mumbai,8597,Morning,4.0
Home,Wrong Item,Agent_D,13,Delhi,9199,Night,5.0
Clothing,Payment Issue,Agent_A,37,Jaipur,2754,Morning,3.2
Clothing,Delivery Delay,Agent_E,38,Ahmedabad,7492,Evening,3.8
Home,Delivery Delay,Agent_A,24,Ahmedabad,1471,Evening,4.2
Home,Return Request,Agent_A,2,Jaipur,7235,Morning,4.8
Sports,Return Request,Agent_B,22,Bangalore,420,Night,3.7
Sports,Wrong Item,Agent_E,17,Bangalore,4754,Evening,4.6
Clothing,Damaged Product,Agent_D,36,Delhi,5400,Evening,3.4
Beauty,Payment Issue,Agent_B,14,Mumbai,6861,Night,5.0
Clothing,Wrong Item,Agent_A,10,Ahmedabad,6954,Evening,4.8
Beauty,Return Request,Agent_A,35,Mumbai,5605,Morning,4.1
Beauty,Payment Issue,Agent_A,25,Bangalore,9423,Evening,4.8
Sports,Return Request,Agent_E,3,Bangalore,6653,Evening,4.7
Electronics,Payment Issue,Agent_E,47,Surat,4142,Night,3.1
Electronics,Damaged Product,Agent_B,38,Delhi,9109,Morning,4.2
Home,Wrong Item,Agent_D,17,Surat,7598,Night,4.9
Sports,Payment Issue,Agent_B,12,Surat,6736,Evening,5.0
Beauty,Delivery Delay,Agent_C,54,Surat,7462,Evening,3.4
Electronics,Delivery Delay,Agent_A,52,Delhi,111,Night,2.7
Beauty,Payment Issue,Agent_A,24,Delhi,294,Night,3.7
Electronics,Payment Issue,Agent_A,29,Jaipur,2637,Night,3.5
Electronics,Payment Issue,Agent_B,43,Mumbai,2942,Morning,3.0
Electronics,Delivery Delay,Agent_B,25,Mumbai,2329,Evening,4.0
Sports,Delivery Delay,Agent_A,36,Jaipur,3109,Night,3.7
Clothing,Payment Issue,Agent_B,58,Jaipur,8084,Evening,2.3
Beauty,Return Request,Agent_E,26,Bangalore,2177,Morning,3.9
Sports,Return Request,Agent_E,38,Surat,7945,Morning,3.9
Sports,Damaged Product,Agent_B,1,Jaipur,3967,Morning,4.9
Sports,Wrong Item,Agent_A,20,Ahmedabad,4973,Morning,4.9
Sports,Return Request,Agent_B,55,Mumbai,8735,Evening,3.3
Sports,Delivery Delay,Agent_B,28,Jaipur,397,Morning,4.0
Home,Return Request,Agent_B,16,Ahmedabad,5956,Morning,4.7
Beauty,Damaged Product,Agent_C,47,Ahmedabad,9136,Night,3.8
Sports,Damaged Product,Agent_E,17,Ahmedabad,1115,Morning,4.8
Beauty,Wrong Item,Agent_D,40,Bangalore,1484,Night,3.5
Home,Return Request,Agent_D,28,Bangalore,9689,Morning,4.2
Home,Delivery Delay,Agent_C,58,Ahmedabad,8845,Morning,2.9
Beauty,Delivery Delay,Agent_B,12,Bangalore,2450,Night,4.5
Electronics,Payment Issue,Agent_C,27,Surat,1369,Morning,3.9
Clothing,Delivery Delay,Agent_C,54,Ahmedabad,1360,Evening,2.6
Electronics,Wrong Item,Agent_A,53,Surat,7801,Evening,2.9
Electronics,Wrong Item,Agent_E,42,Surat,8476,Morning,3.8
Electronics,Delivery Delay,Agent_D,59,Ahmedabad,4663,Evening,1.9
Sports,Delivery Delay,Agent_B,47,Mumbai,6997,Night,3.8
Home,Payment Issue,Agent_D,30,Ahmedabad,5772,Morning,3.9
Electronics,Delivery Delay,Agent_D,41,Ahmedabad,5693,Morning,3.5
Home,Payment Issue,Agent_E,34,Bangalore,6255,Night,3.8
Beauty,Payment Issue,Agent_D,37,Ahmedabad,5643,Night,4.1
Clothing,Delivery Delay,Agent_D,6,Mumbai,7340,Night,4.1
Beauty,Damaged Product,Agent_C,7,Bangalore,4783,Morning,5.0
Beauty,Damaged Product,Agent_E,32,Delhi,1981,Night,3.6
Sports,Payment Issue,Agent_A,32,Delhi,8813,Night,4.1
Clothing,Delivery Delay,Agent_B,53,Surat,3909,Evening,3.3
Beauty,Damaged Product,Agent_D,25,Surat,5907,Evening,4.1
Beauty,Delivery Delay,Agent_B,33,Mumbai,4983,Morning,4.1
Clothing,Delivery Delay,Agent_A,55,Jaipur,7306,Evening,3.1
Clothing,Delivery Delay,Agent_B,58,Delhi,4255,Evening,2.9
Beauty,Return Request,Agent_A,7,Surat,4773,Night,4.8
Clothing,Delivery Delay,Agent_C,52,Delhi,1509,Night,2.3
Beauty,Return Request,Agent_D,57,Mumbai,9986,Evening,3.5
Beauty,Payment Issue,Agent_A,12,Mumbai,5297,Evening,5.0
Sports,Damaged Product,Agent_B,16,Jaipur,7552,Evening,4.5
Electronics,Damaged Product,Agent_D,16,Jaipur,8818,Morning,4.8
Beauty,Damaged Product,Agent_C,43,Bangalore,2272,Morning,3.2
Home,Damaged Product,Agent_D,53,Mumbai,379,Morning,2.6
Electronics,Damaged Product,Agent_A,36,Surat,4077,Evening,3.4
Electronics,Damaged Product,Agent_C,13,Delhi,2769,Evening,3.8
Electronics,Damaged Product,Agent_B,7,Ahmedabad,7925,Morning,5.0
Sports,Payment Issue,Agent_C,36,Jaipur,4081,Morning,3.2
Beauty,Delivery Delay,Agent_C,47,Ahmedabad,4869,Evening,2.5
Sports,Wrong Item,Agent_E,51,Surat,5347,Night,2.1
Beauty,Return Request,Agent_C,9,Jaipur,4527,Morning,5.0
Sports,Wrong Item,Agent_C,32,Ahmedabad,6235,Evening,4.1
Sports,Wrong Item,Agent_D,11,Surat,5673,Evening,4.9
Home,Delivery Delay,Agent_B,8,Delhi,4231,Night,5.0
Sports,Delivery Delay,Agent_D,33,Surat,7289,Evening,4.3
Clothing,Delivery Delay,Agent_D,23,Bangalore,4635,Evening,4.8
Home,Damaged Product,Agent_A,25,Jaipur,2876,Morning,3.6
Sports,Payment Issue,Agent_D,56,Mumbai,9411,Morning,3.1
Electronics,Damaged Product,Agent_E,8,Delhi,7797,Night,4.5
Clothing,Payment Issue,Agent_E,45,Ahmedabad,8486,Night,3.5
Clothing,Payment Issue,Agent_A,22,Jaipur,762,Evening,3.9
Clothing,Wrong Item,Agent_B,59,Mumbai,8771,Morning,3.1
Home,Wrong Item,Agent_B,4,Surat,8144,Night,5.0
Sports,Payment Issue,Agent_D,40,Mumbai,4318,Night,3.6
Sports,Payment Issue,Agent_D,3,Jaipur,9715,Night,5.0
Electronics,Damaged Product,Agent_D,29,Jaipur,5160,Evening,4.7
Electronics,Damaged Product,Agent_B,41,Bangalore,5974,Morning,3.5
Clothing,Wrong Item,Agent_C,29,Bangalore,5681,Night,3.8
Electronics,Delivery Delay,Agent_E,34,Mumbai,2114,Morning,3.6
Home,Payment Issue,Agent_C,34,Surat,3889,Night,3.4
Sports,Damaged Product,Agent_C,28,Mumbai,9203,Night,5.0
Clothing,Wrong Item,Agent_B,13,Jaipur,7248,Morning,4.9
Electronics,Damaged Product,Agent_C,15,Jaipur,7866,Morning,4.8
Home,Payment Issue,Agent_A,23,Ahmedabad,2464,Morning,4.0
Home,Payment Issue,Agent_D,44,Bangalore,3729,Evening,3.4
Electronics,Return Request,Agent_A,26,Ahmedabad,6019,Night,4.3
Sports,Delivery Delay,Agent_E,4,Delhi,5775,Evening,4.8
Electronics,Return Request,Agent_D,26,Jaipur,8972,Morning,5.0
Clothing,Wrong Item,Agent_C,40,Ahmedabad,6738,Night,3.4
Electronics,Damaged Product,Agent_E,9,Mumbai,4751,Evening,5.0
Home,Wrong Item,Agent_D,55,Bangalore,709,Night,2.5
Electronics,Payment Issue,Agent_C,5,Bangalore,8040,Evening,4.5
Sports,Return Request,Agent_A,56,Surat,3966,Morning,2.7
Beauty,Return Request,Agent_D,32,Mumbai,471,Evening,3.1
Electronics,Return Request,Agent_C,20,Surat,7098,Night,5.0
Sports,Wrong Item,Agent_A,50,Ahmedabad,715,Night,2.3
Sports,Payment Issue,Agent_E,11,Delhi,7011,Night,5.0
Home,Damaged Product,Agent_E,15,Mumbai,6110,Night,5.0
Sports,Damaged Product,Agent_E,32,Mumbai,2353,Morning,3.9
Sports,Wrong Item,Agent_E,28,Mumbai,5042,Evening,4.2
Sports,Return Request,Agent_B,22,Surat,964,Morning,3.9
Sports,Delivery Delay,Agent_D,41,Ahmedabad,1368,Morning,2.9
Clothing,Wrong Item,Agent_D,17,Mumbai,7554,Morning,5.0
Clothing,Wrong Item,Agent_B,59,Mumbai,9076,Night,2.7
Home,Payment Issue,Agent_C,26,Bangalore,4671,Night,3.9
Electronics,Damaged Product,Agent_C,44,Delhi,5329,Night,3.5
Sports,Wrong Item,Agent_E,7,Bangalore,2337,Evening,4.6
Electronics,Wrong Item,Agent_A,42,Bangalore,4154,Night,3.0
Electronics,Return Request,Agent_C,57,Delhi,1035,Evening,1.8
Home,Return Request,Agent_A,26,Ahmedabad,6494,Night,4.2
Sports,Delivery Delay,Agent_D,25,Bangalore,7991,Night,4.5
Sports,Payment Issue,Agent_A,10,Ahmedabad,425,Morning,4.6
Beauty,Delivery Delay,Agent_D,59,Bangalore,9826,Morning,3.3
Electronics,Return Request,Agent_B,45,Jaipur,7874,Morning,3.7
Electronics,Damaged Product,Agent_B,19,Delhi,3961,Evening,4.4
Clothing,Return Request,Agent_E,11,Bangalore,2085,Evening,4.6
Beauty,Payment Issue,Agent_C,13,Jaipur,5032,Night,5.0
Clothing,Return Request,Agent_E,53,Surat,4703,Evening,3.2
Clothing,Payment Issue,Agent_D,8,Jaipur,2878,Night,4.9
Clothing,Payment Issue,Agent_E,40,Mumbai,9562,Evening,3.8
Home,Payment Issue,Agent_A,4,Bangalore,8932,Evening,4.7
Home,Payment Issue,Agent_D,47,Jaipur,7854,Evening,3.0
Clothing,Payment Issue,Agent_B,31,Ahmedabad,4178,Morning,4.1
Beauty,Damaged Product,Agent_C,28,Surat,1467,Evening,3.9
Electronics,Delivery Delay,Agent_D,11,Bangalore,4142,Morning,5.0
Beauty,Wrong Item,Agent_D,43,Mumbai,2675,Morning,3.1
Sports,Delivery Delay,Agent_A,1,Jaipur,6854,Evening,5.0
Home,Payment Issue,Agent_C,49,Surat,1681,Night,2.6
Electronics,Damaged Product,Agent_B,47,Bangalore,2086,Night,3.1
Electronics,Return Request,Agent_D,52,Surat,2340,Night,2.6
Sports,Damaged Product,Agent_D,38,Mumbai,4066,Evening,3.3
Sports,Payment Issue,Agent_A,24,Jaipur,7704,Night,4.7
Clothing,Damaged Product,Agent_E,54,Surat,8420,Morning,3.3
Home,Damaged Product,Agent_B,57,Surat,6068,Night,2.9
Home,Payment Issue,Agent_C,47,Delhi,9143,Evening,3.6
Beauty,Damaged Product,Agent_D,31,Surat,7593,Night,4.2
Clothing,Wrong Item,Agent_D,41,Delhi,4203,Morning,4.1
Clothing,Wrong Item,Agent_B,46,Jaipur,2176,Evening,3.3
Clothing,Damaged Product,Agent_E,50,Bangalore,5331,Night,3.2
Clothing,Return Request,Agent_D,26,Bangalore,3094,Evening,4.0
Home,Payment Issue,Agent_B,49,Jaipur,3844,Evening,3.2
Home,Wrong Item,Agent_A,50,Jaipur,5694,Evening,3.2
Clothing,Return Request,Agent_E,5,Ahmedabad,7631,Night,5.0
Beauty,Damaged Product,Agent_C,20,Jaipur,7471,Evening,4.7
Electronics,Return Request,Agent_D,52,Surat,1744,Night,2.6
Electronics,Delivery Delay,Agent_B,41,Bangalore,3244,Morning,2.3
Beauty,Wrong Item,Agent_A,11,Mumbai,342,Night,4.5
Clothing,Damaged Product,Agent_C,56,Bangalore,4185,Morning,2.5
Home,Payment Issue,Agent_B,54,Delhi,8054,Night,3.6
Electronics,Damaged Product,Agent_B,33,Bangalore,7369,Evening,4.1
Sports,Payment Issue,Agent_C,50,Ahmedabad,7230,Night,2.9
Sports,Damaged Product,Agent_A,38,Jaipur,6928,Evening,3.8
Beauty,Return Request,Agent_A,27,Jaipur,8462,Morning,4.2
Clothing,Return Request,Agent_E,34,Bangalore,8944,Night,4.3
Electronics,Return Request,Agent_D,15,Mumbai,6431,Evening,5.0
Clothing,Delivery Delay,Agent_C,32,Mumbai,3612,Morning,4.0
Electronics,Payment Issue,Agent_C,58,Ahmedabad,1599,Morning,2.0
Beauty,Return Request,Agent_C,21,Delhi,2258,Night,4.2
Beauty,Delivery Delay,Agent_A,46,Bangalore,5262,Morning,2.8
Sports,Payment Issue,Agent_D,5,Jaipur,4139,Evening,5.0
Clothing,Damaged Product,Agent_E,6,Bangalore,2135,Morning,5.0
Sports,Delivery Delay,Agent_B,38,Ahmedabad,8077,Morning,4.1
Clothing,Wrong Item,Agent_B,22,Surat,957,Evening,4.0
Sports,Delivery Delay,Agent_C,18,Surat,3923,Morning,4.6
Home,Delivery Delay,Agent_D,14,Ahmedabad,6870,Morning,5.0
Home,Payment Issue,Agent_A,10,Jaipur,9341,Morning,4.9
Home,Damaged Product,Agent_D,46,Ahmedabad,398,Morning,2.8
Home,Wrong Item,Agent_D,13,Jaipur,7344,Evening,4.7
Electronics,Return Request,Agent_A,31,Mumbai,1023,Morning,3.3
Home,Return Request,Agent_C,30,Ahmedabad,4332,Evening,4.0
Beauty,Delivery Delay,Agent_D,3,Jaipur,4406,Morning,5.0
Beauty,Payment Issue,Agent_B,30,Ahmedabad,2899,Morning,3.7
Electronics,Payment Issue,Agent_A,6,Ahmedabad,6678,Morning,4.9
Home,Return Request,Agent_E,29,Jaipur,4975,Morning,3.9
Home,Wrong Item,Agent_C,8,Jaipur,5426,Evening,4.8
Home,Damaged Product,Agent_A,44,Delhi,6682,Evening,3.6
Sports,Wrong Item,Agent_E,45,Ahmedabad,1902,Evening,2.5
Clothing,Damaged Product,Agent_E,43,Surat,2757,Night,3.5
Sports,Return Request,Agent_D,44,Ahmedabad,3446,Morning,2.9
Clothing,Damaged Product,Agent_D,33,Ahmedabad,9763,Morning,4.5
Home,Payment Issue,Agent_D,17,Jaipur,3049,Evening,4.1
Home,Delivery Delay,Agent_A,48,Ahmedabad,1041,Night,2.9
Sports,Delivery Delay,Agent_A,11,Bangalore,2007,Morning,4.9
Sports,Return Request,Agent_C,13,Ahmedabad,4937,Evening,5.0
Clothing,Payment Issue,Agent_D,50,Bangalore,8205,Morning,3.0
Beauty,Wrong Item,Agent_E,11,Surat,1343,Morning,4.7
Clothing,Payment Issue,Agent_B,31,Jaipur,5796,Evening,3.7
Sports,Delivery Delay,Agent_C,28,Ahmedabad,1566,Evening,3.7
Sports,Delivery Delay,Agent_A,44,Bangalore,4057,Morning,3.5
Electronics,Payment Issue,Agent_C,6,Bangalore,2066,Morning,5.0
Sports,Payment Issue,Agent_C,41,Bangalore,475,Evening,3.0
Electronics,Delivery Delay,Agent_C,16,Mumbai,362,Morning,3.9
Beauty,Wrong Item,Agent_C,4,Delhi,4462,Morning,5.0
Clothing,Return Request,Agent_B,35,Surat,6602,Evening,3.9
Clothing,Return Request,Agent_D,48,Ahmedabad,7933,Morning,2.7
Electronics,Payment Issue,Agent_E,56,Mumbai,1993,Morning,2.6
Clothing,Return Request,Agent_C,59,Ahmedabad,8206,Night,2.9
Sports,Delivery Delay,Agent_C,26,Ahmedabad,1752,Evening,4.2
Home,Delivery Delay,Agent_C,57,Jaipur,5640,Night,2.4
Electronics,Payment Issue,Agent_D,12,Jaipur,3992,Night,3.8
Clothing,Payment Issue,Agent_A,11,Jaipur,699,Night,4.6
Electronics,Payment Issue,Agent_A,37,Mumbai,4915,Morning,3.7
Electronics,Wrong Item,Agent_B,25,Ahmedabad,2012,Morning,3.4
Home,Return Request,Agent_A,18,Delhi,9584,Night,4.7
Sports,Payment Issue,Agent_C,19,Surat,8892,Night,5.0
Electronics,Damaged Product,Agent_C,23,Jaipur,8672,Night,4.6
Clothing,Damaged Product,Agent_C,55,Jaipur,4313,Morning,2.9
Beauty,Delivery Delay,Agent_B,38,Ahmedabad,3737,Night,3.3
Electronics,Return Request,Agent_C,54,Ahmedabad,9390,Night,2.6
Electronics,Payment Issue,Agent_A,18,Mumbai,5699,Evening,4.6
Home,Damaged Product,Agent_D,26,Mumbai,6548,Evening,4.3
Sports,Return Request,Agent_D,6,Jaipur,8657,Morning,4.9
Beauty,Delivery Delay,Agent_E,4,Ahmedabad,7482,Evening,5.0
Clothing,Wrong Item,Agent_A,44,Delhi,9082,Evening,3.8
Beauty,Return Request,Agent_C,51,Surat,3669,Evening,2.8
Clothing,Return Request,Agent_D,29,Ahmedabad,7807,Morning,4.0
Sports,Wrong Item,Agent_A,59,Ahmedabad,846,Evening,2.3
Clothing,Return Request,Agent_D,34,Bangalore,8604,Morning,3.6
Home,Delivery Delay,Agent_C,17,Mumbai,4733,Night,4.0
Home,Delivery Delay,Agent_D,43,Surat,1020,Evening,3.2
Home,Wrong Item,Agent_E,43,Jaipur,9369,Morning,3.9
Home,Payment Issue,Agent_E,53,Ahmedabad,7108,Evening,3.0
Beauty,Damaged Product,Agent_D,16,Jaipur,2481,Night,4.0
Sports,Payment Issue,Agent_A,2,Ahmedabad,3718,Morning,4.8
Clothing,Return Request,Agent_A,34,Jaipur,9089,Morning,4.1
Clothing,Damaged Product,Agent_A,55,Surat,4543,Morning,2.2
Home,Wrong Item,Agent_D,8,Mumbai,372,Night,4.4
Home,Wrong Item,Agent_A,13,Surat,1873,Night,4.7
Electronics,Damaged Product,Agent_C,42,Bangalore,2647,Night,3.6
Sports,Delivery Delay,Agent_E,8,Delhi,3264,Morning,4.8
Beauty,Damaged Product,Agent_C,30,Mumbai,4880,Night,4.2
Clothing,Return Request,Agent_A,32,Surat,1046,Evening,2.9
Electronics,Delivery Delay,Agent_C,36,Bangalore,606,Night,3.5
Electronics,Wrong Item,Agent_A,47,Delhi,6819,Morning,3.1
Clothing,Damaged Product,Agent_D,30,Bangalore,8535,Evening,4.4
Beauty,Payment Issue,Agent_C,1,Ahmedabad,8797,Night,4.9
Electronics,Payment Issue,Agent_D,43,Ahmedabad,6460,Evening,3.9
Electronics,Return Request,Agent_D,39,Jaipur,7757,Evening,3.6
Sports,Payment Issue,Agent_B,17,Mumbai,3690,Morning,4.7
Beauty,Damaged Product,Agent_A,59,Ahmedabad,1292,Evening,2.1
Electronics,Damaged Product,Agent_E,20,Bangalore,1564,Evening,4.1
Beauty,Payment Issue,Agent_A,24,Mumbai,490,Morning,3.8
Clothing,Damaged Product,Agent_E,50,Ahmedabad,5715,Morning,2.8
Home,Return Request,Agent_A,22,Jaipur,6206,Morning,4.5
Electronics,Delivery Delay,Agent_D,29,Surat,8964,Evening,4.4
Sports,Return Request,Agent_C,22,Jaipur,2660,Evening,4.2
Clothing,Return Request,Agent_C,44,Delhi,5967,Evening,3.4
Beauty,Damaged Product,Agent_B,9,Ahmedabad,1311,Morning,4.9
Clothing,Delivery Delay,Agent_E,37,Delhi,9221,Night,4.3
Electronics,Damaged Product,Agent_E,10,Delhi,1639,Evening,4.3
Beauty,Wrong Item,Agent_E,36,Bangalore,9204,Night,4.4
Home,Damaged Product,Agent_D,37,Mumbai,743,Morning,2.9
Clothing,Damaged Product,Agent_E,28,Bangalore,8793,Evening,4.7
Electronics,Damaged Product,Agent_C,28,Ahmedabad,9021,Night,4.7
Sports,Delivery Delay,Agent_D,42,Delhi,1383,Evening,2.5
Beauty,Damaged Product,Agent_A,43,Surat,7780,Evening,3.7
Clothing,Delivery Delay,Agent_E,21,Delhi,7445,Evening,4.6
Clothing,Payment Issue,Agent_E,24,Surat,4486,Night,4.0
Home,Wrong Item,Agent_A,42,Bangalore,1019,Morning,3.4
Home,Delivery Delay,Agent_E,40,Bangalore,2439,Evening,3.0
Sports,Payment Issue,Agent_A,2,Mumbai,9047,Morning,4.8
Sports,Delivery Delay,Agent_D,55,Delhi,6030,Morning,2.9
Electronics,Delivery Delay,Agent_C,8,Jaipur,5502,Night,5.0
Electronics,Wrong Item,Agent_A,48,Bangalore,5763,Night,3.1
Sports,Return Request,Agent_B,27,Bangalore,5375,Morning,4.5
Sports,Return Request,Agent_A,22,Mumbai,607,Evening,4.1
Beauty,Delivery Delay,Agent_E,37,Surat,1536,Night,2.7
Home,Damaged Product,Agent_D,27,Mumbai,8850,Evening,4.4
Electronics,Payment Issue,Agent_D,57,Delhi,7454,Evening,2.7
Home,Damaged Product,Agent_A,29,Ahmedabad,4616,Evening,4.2
Home,Damaged Product,Agent_C,3,Ahmedabad,3722,Morning,4.2
Sports,Delivery Delay,Agent_B,44,Surat,4499,Evening,4.0
Beauty,Delivery Delay,Agent_D,13,Bangalore,5137,Morning,5.0
Clothing,Delivery Delay,Agent_E,45,Surat,8211,Morning,3.6
Beauty,Delivery Delay,Agent_E,10,Bangalore,3815,Evening,5.0
Beauty,Return Request,Agent_C,36,Bangalore,7937,Evening,4.7
Home,Delivery Delay,Agent_D,9,Ahmedabad,1401,Evening,5.0
Beauty,Return Request,Agent_A,54,Surat,7470,Evening,3.3
Electronics,Return Request,Agent_E,56,Mumbai,5285,Morning,2.8
Home,Delivery Delay,Agent_C,55,Bangalore,2255,Evening,2.4
Electronics,Wrong Item,Agent_D,27,Jaipur,6511,Evening,4.2
Clothing,Payment Issue,Agent_D,34,Jaipur,6465,Morning,3.7
Home,Damaged Product,Agent_D,51,Mumbai,792,Night,2.3
Clothing,Return Request,Agent_D,1,Jaipur,1578,Night,4.6
Home,Payment Issue,Agent_D,32,Delhi,6496,Morning,4.0
Sports,Wrong Item,Agent_E,25,Bangalore,8548,Night,4.1
Beauty,Damaged Product,Agent_C,29,Mumbai,541,Morning,3.7
Sports,Damaged Product,Agent_D,7,Surat,2746,Evening,4.9
Clothing,Return Request,Agent_B,49,Bangalore,5309,Evening,3.1
Beauty,Delivery Delay,Agent_B,3,Mumbai,6633,Night,4.8
Home,Wrong Item,Agent_C,20,Ahmedabad,4777,Evening,5.0
Beauty,Return Request,Agent_A,20,Surat,7311,Night,5.0
Electronics,Wrong Item,Agent_A,53,Ahmedabad,2745,Night,2.3
Beauty,Delivery Delay,Agent_A,30,Bangalore,8310,Evening,4.4
Electronics,Delivery Delay,Agent_B,35,Surat,9416,Evening,4.0
Beauty,Return Request,Agent_A,35,Jaipur,8033,Night,3.7
Electronics,Delivery Delay,Agent_E,49,Mumbai,5576,Evening,2.7
Clothing,Payment Issue,Agent_D,39,Bangalore,8028,Morning,4.0
Sports,Damaged Product,Agent_B,27,Delhi,2180,Evening,3.7
Home,Return Request,Agent_C,26,Surat,6189,Evening,4.6
Beauty,Wrong Item,Agent_C,14,Surat,7496,Morning,5.0
Sports,Payment Issue,Agent_D,17,Bangalore,9839,Evening,5.0
Home,Return Request,Agent_B,18,Bangalore,7897,Evening,4.6
Home,Delivery Delay,Agent_A,45,Ahmedabad,961,Night,3.0
Electronics,Delivery Delay,Agent_A,52,Jaipur,8446,Evening,3.4
Clothing,Delivery Delay,Agent_E,29,Ahmedabad,3594,Evening,3.8
Clothing,Delivery Delay,Agent_E,20,Ahmedabad,1004,Morning,3.9
Sports,Wrong Item,Agent_A,53,Jaipur,1369,Night,3.0
Clothing,Payment Issue,Agent_C,27,Delhi,504,Night,3.8
Beauty,Damaged Product,Agent_C,18,Ahmedabad,9135,Night,5.0
Clothing,Wrong Item,Agent_E,4,Ahmedabad,9856,Evening,4.8
Sports,Wrong Item,Agent_D,1,Surat,1284,Night,4.6
Clothing,Damaged Product,Agent_A,50,Jaipur,9038,Morning,3.2
Beauty,Damaged Product,Agent_E,1,Mumbai,1825,Night,5.0
Electronics,Delivery Delay,Agent_E,58,Delhi,8562,Morning,2.6
Sports,Wrong Item,Agent_A,26,Delhi,5911,Night,4.3
Electronics,Return Request,Agent_A,45,Jaipur,5706,Night,2.8
Electronics,Damaged Product,Agent_C,20,Bangalore,4056,Morning,4.1
Electronics,Damaged Product,Agent_D,52,Bangalore,271,Night,2.6
Home,Payment Issue,Agent_D,23,Surat,8565,Night,4.9
Home,Return Request,Agent_A,10,Surat,2406,Night,4.6
Electronics,Return Request,Agent_B,59,Jaipur,9450,Evening,2.7
Sports,Damaged Product,Agent_E,11,Surat,9998,Morning,4.7
Beauty,Delivery Delay,Agent_E,41,Delhi,521,Night,2.9
Beauty,Payment Issue,Agent_A,41,Delhi,5640,Morning,3.7
Clothing,Return Request,Agent_B,5,Mumbai,9501,Morning,5.0
Sports,Damaged Product,Agent_C,58,Bangalore,4775,Morning,2.4
Home,Return Request,Agent_A,1,Jaipur,9182,Night,4.7
Electronics,Payment Issue,Agent_A,17,Ahmedabad,6848,Night,4.9
Clothing,Payment Issue,Agent_E,22,Bangalore,6203,Morning,4.3
Beauty,Wrong Item,Agent_A,34,Ahmedabad,1573,Evening,3.3
Home,Damaged Product,Agent_A,56,Mumbai,3343,Morning,2.9
Home,Payment Issue,Agent_A,45,Mumbai,2281,Evening,3.2
Electronics,Wrong Item,Agent_E,41,Surat,9741,Morning,4.0
Beauty,Wrong Item,Agent_C,29,Mumbai,3196,Morning,3.5
Sports,Return Request,Agent_C,4,Mumbai,6746,Morning,5.0
Home,Return Request,Agent_A,5,Ahmedabad,9882,Night,5.0
Electronics,Wrong Item,Agent_E,11,Surat,5982,Evening,4.9
Sports,Return Request,Agent_C,56,Mumbai,6082,Evening,3.2
Beauty,Payment Issue,Agent_C,51,Bangalore,5898,Morning,3.4
Home,Delivery Delay,Agent_C,21,Mumbai,9727,Night,5.0
Sports,Payment Issue,Agent_E,35,Surat,8515,Night,4.2
Sports,Wrong Item,Agent_E,12,Jaipur,8511,Evening,5.0
Sports,Wrong Item,Agent_A,26,Surat,9946,Night,5.0
Home,Payment Issue,Agent_D,51,Ahmedabad,8556,Evening,3.4
Home,Return Request,Agent_C,19,Jaipur,9245,Evening,4.8
Clothing,Return Request,Agent_D,45,Bangalore,4624,Evening,3.1
Beauty,Wrong Item,Agent_E,7,Delhi,6659,Night,5.0
Electronics,Damaged Product,Agent_E,47,Surat,7720,Evening,3.0
Sports,Return Request,Agent_E,55,Ahmedabad,2874,Evening,2.5
Clothing,Payment Issue,Agent_D,7,Bangalore,5773,Morning,5.0
Electronics,Return Request,Agent_E,26,Jaipur,3224,Evening,3.4
Clothing,Payment Issue,Agent_A,40,Bangalore,8771,Evening,4.3
Home,Wrong Item,Agent_E,5,Surat,1453,Morning,5.0
Sports,Return Request,Agent_B,21,Mumbai,9181,Morning,4.7
Electronics,Payment Issue,Agent_D,14,Surat,3954,Night,4.9
Electronics,Wrong Item,Agent_B,4,Delhi,8234,Evening,5.0
Electronics,Damaged Product,Agent_E,23,Surat,1024,Night,4.3
Electronics,Payment Issue,Agent_A,42,Jaipur,2270,Night,3.4
Electronics,Damaged Product,Agent_C,20,Jaipur,5606,Morning,4.1
Clothing,Damaged Product,Agent_E,15,Surat,2495,Night,4.7
Sports,Delivery Delay,Agent_A,50,Jaipur,8320,Evening,3.3
Home,Return Request,Agent_D,52,Mumbai,8326,Morning,3.3
Home,Payment Issue,Agent_B,45,Bangalore,5615,Evening,3.1
Home,Damaged Product,Agent_B,29,Surat,2770,Evening,4.4
Home,Delivery Delay,Agent_B,8,Mumbai,3465,Morning,5.0
Clothing,Wrong Item,Agent_D,41,Bangalore,688,Evening,2.8
Beauty,Payment Issue,Agent_A,48,Bangalore,3238,Morning,2.5
Sports,Damaged Product,Agent_D,19,Mumbai,9195,Evening,4.9
Electronics,Return Request,Agent_B,48,Ahmedabad,6763,Morning,3.4
Beauty,Delivery Delay,Agent_E,39,Surat,4186,Night,3.5
Home,Damaged Product,Agent_C,46,Bangalore,8631,Evening,3.9
Beauty,Return Request,Agent_D,28,Bangalore,4370,Morning,4.3
Sports,Damaged Product,Agent_D,46,Jaipur,6119,Evening,3.6
Electronics,Payment Issue,Agent_A,57,Bangalore,656,Evening,2.3
Electronics,Payment Issue,Agent_A,27,Mumbai,8122,Evening,4.0
Sports,Payment Issue,Agent_D,4,Bangalore,5552,Morning,4.9
Sports,Delivery Delay,Agent_B,58,Ahmedabad,3667,Night,2.8
Home,Payment Issue,Agent_C,15,Surat,3999,Night,4.6
Electronics,Return Request,Agent_A,35,Surat,6577,Night,4.1
Beauty,Damaged Product,Agent_B,37,Bangalore,7600,Morning,3.8
Clothing,Wrong Item,Agent_E,1,Delhi,1116,Night,4.7
Clothing,Return Request,Agent_A,3,Delhi,6570,Morning,5.0
Sports,Return Request,Agent_B,47,Mumbai,2162,Evening,3.0
Home,Payment Issue,Agent_B,24,Delhi,9130,Evening,4.5
Clothing,Delivery Delay,Agent_C,27,Mumbai,9929,Night,4.6
Electronics,Damaged Product,Agent_C,40,Jaipur,4421,Morning,3.2
Sports,Delivery Delay,Agent_E,36,Mumbai,3596,Evening,3.9
Beauty,Damaged Product,Agent_B,34,Delhi,1913,Morning,3.4
Sports,Damaged Product,Agent_B,29,Bangalore,6356,Morning,4.6
Beauty,Delivery Delay,Agent_C,24,Jaipur,9743,Evening,5.0
Sports,Return Request,Agent_A,24,Delhi,2413,Morning,4.0
Sports,Damaged Product,Agent_A,42,Mumbai,9806,Evening,3.6
Sports,Delivery Delay,Agent_D,4,Ahmedabad,1331,Evening,4.3
Beauty,Damaged Product,Agent_C,3,Surat,9937,Evening,4.6
Beauty,Wrong Item,Agent_D,34,Delhi,5931,Morning,3.5
Sports,Return Request,Agent_C,57,Mumbai,3099,Evening,2.9
Clothing,Payment Issue,Agent_E,49,Jaipur,3540,Morning,2.9
Home,Damaged Product,Agent_B,23,Delhi,4156,Evening,4.4
Home,Wrong Item,Agent_E,53,Delhi,405,Evening,1.7
Home,Payment Issue,Agent_C,56,Surat,1789,Night,2.0
Beauty,Payment Issue,Agent_B,52,Mumbai,9809,Night,3.6
Beauty,Damaged Product,Agent_A,23,Ahmedabad,4017,Night,4.3
Clothing,Delivery Delay,Agent_A,45,Jaipur,7180,Morning,3.4
Home,Damaged Product,Agent_D,5,Mumbai,8711,Morning,5.0
Home,Wrong Item,Agent_C,31,Jaipur,3036,Evening,4.2
Sports,Payment Issue,Agent_C,53,Delhi,3962,Evening,2.7
Beauty,Damaged Product,Agent_A,41,Surat,9742,Evening,3.9
Home,Delivery Delay,Agent_E,57,Surat,5749,Evening,2.8
Clothing,Damaged Product,Agent_B,57,Bangalore,3361,Morning,3.2
Clothing,Return Request,Agent_E,54,Ahmedabad,9456,Evening,2.6
Home,Delivery Delay,Agent_E,6,Surat,1919,Evening,5.0
Beauty,Wrong Item,Agent_A,37,Delhi,1442,Night,3.3
Clothing,Payment Issue,Agent_A,57,Ahmedabad,5660,Evening,2.9
Sports,Damaged Product,Agent_A,10,Mumbai,2326,Evening,4.5
Clothing,Delivery Delay,Agent_D,40,Surat,1179,Evening,3.1
Electronics,Return Request,Agent_E,7,Ahmedabad,4306,Morning,5.0
Electronics,Delivery Delay,Agent_C,39,Delhi,6380,Night,4.6
Beauty,Return Request,Agent_B,38,Bangalore,7335,Evening,4.1
Home,Wrong Item,Agent_D,21,Jaipur,913,Evening,3.8
